{
    "backend": "ibm_kingston",
    "optimal_pair": [
        13,
        14
    ],
    "spatial_pair": [
        11,
        18
    ],
    "non_adjacent_pair": [
        13,
        11
    ],
    "summary": {
        "Config A (Baseline - Same Qubits)": {
            "avg_cell_tvd": 0.024749999999999998,
            "avg_twin_tvd": 0.007781250000000011,
            "avg_control_tvd": 0.7636584821428573,
            "twin_tvds": {
                "00": 0.0025000000000000417,
                "01": 0.00425,
                "10": 0.0014999999999999855,
                "11": 0.0032500000000000424,
                "Psi+": 0.013750000000000026,
                "Phi+": 0.01449999999999997,
                "Phi-": 0.0022500000000000298,
                "Psi-": 0.02024999999999999
            }
        },
        "Config B (Suppressed & Optimized)": {
            "avg_cell_tvd": 0.025265625000000007,
            "avg_twin_tvd": 0.007343750000000012,
            "avg_control_tvd": 0.7623816964285715,
            "twin_tvds": {
                "00": 0.0015000000000000148,
                "01": 0.004000000000000002,
                "10": 0.005000000000000003,
                "11": 0.0027500000000000146,
                "Psi+": 0.004750000000000032,
                "Phi+": 0.019250000000000014,
                "Phi-": 0.013249999999999996,
                "Psi-": 0.008250000000000018
            }
        },
        "Config C1 (Spatial Noise Control)": {
            "avg_cell_tvd": 0.028953125000000003,
            "avg_twin_tvd": 0.0069374999999999975,
            "avg_control_tvd": 0.7602232142857145,
            "twin_tvds": {
                "00": 0.002749999999999987,
                "01": 0.004250000000000044,
                "10": 0.0032499999999999873,
                "11": 0.004749999999999988,
                "Psi+": 0.010749999999999996,
                "Phi+": 0.012999999999999979,
                "Phi-": 0.00824999999999999,
                "Psi-": 0.008500000000000006
            }
        },
        "Config C2 (Routing Stress Test)": {
            "avg_cell_tvd": 0.025156249999999998,
            "avg_twin_tvd": 0.014781249999999998,
            "avg_control_tvd": 0.7712008928571431,
            "twin_tvds": {
                "00": 0.0010000000000000005,
                "01": 0.00374999999999996,
                "10": 0.00299999999999996,
                "11": 0.0017500000000000141,
                "Psi+": 0.006500000000000002,
                "Phi+": 0.04825,
                "Phi-": 0.03325000000000003,
                "Psi-": 0.020750000000000005
            }
        }
    }
}